Workbook

Sheet Resumen
C2: 45663 | D2: 45694 | E2: 45722 | F2: 45760 | G2: 45782 | H2: 45817 | I2: 45843 | J2: 45875 | K2: 45905 | L2: 45942 | M2: 45968 | N2: 45998 | O2: 46034 | P2: 46064 | Q2: 46093 | R2: 46118 | S2: 46153 | T2: 46180 | U2: 46208
B3: Casa | C3: =iferror(VLOOKUP($B3,Indirect(text(C$2,"yyyy-MM-dd")&"!$C$27:$D$34",TRUE),2,0),0) -> 0 | D3: =iferror(VLOOKUP($B3,Indirect(text(D$2,"yyyy-MM-dd")&"!$C$27:$D$34",TRUE),2,0),0) -> 0 | E3: =iferror(VLOOKUP($B3,Indirect(text(E$2,"yyyy-MM-dd")&"!$C$27:$D$34",TRUE),2,0),0) -> 0 | F3: =iferror(VLOOKUP($B3,Indirect(text(F$2,"yyyy-MM-dd")&"!$C$27:$D$34",TRUE),2,0),0) -> 0 | G3: =iferror(VLOOKUP($B3,Indirect(text(G$2,"yyyy-MM-dd")&"!$C$27:$D$34",TRUE),2,0),0) -> 0 | H3: =iferror(VLOOKUP($B3,Indirect(text(H$2,"yyyy-MM-dd")&"!$C$27:$D$34",TRUE),2,0),0) -> 0 | I3: =iferror(VLOOKUP($B3,Indirect(text(I$2,"yyyy-MM-dd")&"!$C$27:$D$34",TRUE),2,0),0) -> 0 | J3: =iferror(VLOOKUP($B3,Indirect(text(J$2,"yyyy-MM-dd")&"!$C$27:$D$34",TRUE),2,0),0) -> 0 | ... Q3: =iferror(VLOOKUP($B3,Indirect(text(Q$2,"yyyy-MM-dd")&"!$C$27:$D$34",TRUE),2,0),0) -> 0 | R3: =iferror(VLOOKUP($B3,Indirect(text(R$2,"yyyy-MM-dd")&"!$C$27:$D$40",TRUE),2,0),0) -> 0 | S3: =iferror(VLOOKUP($B3,Indirect(text(S$2,"yyyy-MM-dd")&"!$C$27:$D$40",TRUE),2,0),0) -> 0 | T3: =iferror(VLOOKUP($B3,Indirect(text(T$2,"yyyy-MM-dd")&"!$C$27:$D$40",TRUE),2,0),0) -> 0 | U3: =iferror(VLOOKUP($B3,Indirect(text(U$2,"yyyy-MM-dd")&"!$C$27:$D$40",TRUE),2,0),0) -> 0
B4: Inmueble | C4: =iferror(VLOOKUP($B4,Indirect(text(C$2,"yyyy-MM-dd")&"!$C$27:$D$34",TRUE),2,0),0) -> 20825.65 | D4: =iferror(VLOOKUP($B4,Indirect(text(D$2,"yyyy-MM-dd")&"!$C$27:$D$34",TRUE),2,0),0) -> 20945.12 | E4: =iferror(VLOOKUP($B4,Indirect(text(E$2,"yyyy-MM-dd")&"!$C$27:$D$34",TRUE),2,0),0) -> 21064.55 | F4: =iferror(VLOOKUP($B4,Indirect(text(F$2,"yyyy-MM-dd")&"!$C$27:$D$34",TRUE),2,0),0) -> 21184.26 | G4: =iferror(VLOOKUP($B4,Indirect(text(G$2,"yyyy-MM-dd")&"!$C$27:$D$34",TRUE),2,0),0) -> 21304.25 | H4: =iferror(VLOOKUP($B4,Indirect(text(H$2,"yyyy-MM-dd")&"!$C$27:$D$34",TRUE),2,0),0) -> 21424.52 | I4: =iferror(VLOOKUP($B4,Indirect(text(I$2,"yyyy-MM-dd")&"!$C$27:$D$34",TRUE),2,0),0) -> 21545.07 | J4: =iferror(VLOOKUP($B4,Indirect(text(J$2,"yyyy-MM-dd")&"!$C$27:$D$34",TRUE),2,0),0) -> 21665.9 | ... Q4: =iferror(VLOOKUP($B4,Indirect(text(Q$2,"yyyy-MM-dd")&"!$C$27:$D$34",TRUE),2,0),0) -> 22519.635 | R4: =iferror(VLOOKUP($B4,Indirect(text(R$2,"yyyy-MM-dd")&"!$C$27:$D$40",TRUE),2,0),0) -> 22642.735 | S4: =iferror(VLOOKUP($B4,Indirect(text(S$2,"yyyy-MM-dd")&"!$C$27:$D$40",TRUE),2,0),0) -> 22766.12 | T4: =iferror(VLOOKUP($B4,Indirect(text(T$2,"yyyy-MM-dd")&"!$C$27:$D$40",TRUE),2,0),0) -> 22883.545 | U4: =iferror(VLOOKUP($B4,Indirect(text(U$2,"yyyy-MM-dd")&"!$C$27:$D$40",TRUE),2,0),0) -> 23001.3
B5: Hereditas | C5: =iferror(VLOOKUP($B5,Indirect(text(C$2,"yyyy-MM-dd")&"!$C$27:$D$34",TRUE),2,0),0) -> 15919.5 | D5: =iferror(VLOOKUP($B5,Indirect(text(D$2,"yyyy-MM-dd")&"!$C$27:$D$34",TRUE),2,0),0) -> 16523.85 | E5: =iferror(VLOOKUP($B5,Indirect(text(E$2,"yyyy-MM-dd")&"!$C$27:$D$34",TRUE),2,0),0) -> 16160.845 | F5: =iferror(VLOOKUP($B5,Indirect(text(F$2,"yyyy-MM-dd")&"!$C$27:$D$34",TRUE),2,0),0) -> 16790.39 | G5: =iferror(VLOOKUP($B5,Indirect(text(G$2,"yyyy-MM-dd")&"!$C$27:$D$34",TRUE),2,0),0) -> 17219.355 | H5: =iferror(VLOOKUP($B5,Indirect(text(H$2,"yyyy-MM-dd")&"!$C$27:$D$34",TRUE),2,0),0) -> 17738.495 | I5: =iferror(VLOOKUP($B5,Indirect(text(I$2,"yyyy-MM-dd")&"!$C$27:$D$34",TRUE),2,0),0) -> 18529.97 | J5: =iferror(VLOOKUP($B5,Indirect(text(J$2,"yyyy-MM-dd")&"!$C$27:$D$34",TRUE),2,0),0) -> 18926.37 | ... Q5: =iferror(VLOOKUP($B5,Indirect(text(Q$2,"yyyy-MM-dd")&"!$C$27:$D$34",TRUE),2,0),0) -> 23239.07 | R5: =iferror(VLOOKUP($B5,Indirect(text(R$2,"yyyy-MM-dd")&"!$C$27:$D$40",TRUE),2,0),0) -> 26936.07 | S5: =iferror(VLOOKUP($B5,Indirect(text(S$2,"yyyy-MM-dd")&"!$C$27:$D$40",TRUE),2,0),0) -> 27504.725 | T5: =iferror(VLOOKUP($B5,Indirect(text(T$2,"yyyy-MM-dd")&"!$C$27:$D$40",TRUE),2,0),0) -> 28384.22 | U5: =iferror(VLOOKUP($B5,Indirect(text(U$2,"yyyy-MM-dd")&"!$C$27:$D$40",TRUE),2,0),0) -> 27559.88
B6: RF | C6: =iferror(VLOOKUP($B6,Indirect(text(C$2,"yyyy-MM-dd")&"!$C$27:$D$34",TRUE),2,0),0) -> 0 | D6: =iferror(VLOOKUP($B6,Indirect(text(D$2,"yyyy-MM-dd")&"!$C$27:$D$34",TRUE),2,0),0) -> 0 | E6: =iferror(VLOOKUP($B6,Indirect(text(E$2,"yyyy-MM-dd")&"!$C$27:$D$34",TRUE),2,0),0) -> 0 | F6: =iferror(VLOOKUP($B6,Indirect(text(F$2,"yyyy-MM-dd")&"!$C$27:$D$34",TRUE),2,0),0) -> 0 | G6: =iferror(VLOOKUP($B6,Indirect(text(G$2,"yyyy-MM-dd")&"!$C$27:$D$34",TRUE),2,0),0) -> 0 | H6: =iferror(VLOOKUP($B6,Indirect(text(H$2,"yyyy-MM-dd")&"!$C$27:$D$34",TRUE),2,0),0) -> 0 | I6: =iferror(VLOOKUP($B6,Indirect(text(I$2,"yyyy-MM-dd")&"!$C$27:$D$34",TRUE),2,0),0) -> 0 | J6: =iferror(VLOOKUP($B6,Indirect(text(J$2,"yyyy-MM-dd")&"!$C$27:$D$34",TRUE),2,0),0) -> 0 | ... Q6: =iferror(VLOOKUP($B6,Indirect(text(Q$2,"yyyy-MM-dd")&"!$C$27:$D$34",TRUE),2,0),0) -> 0 | R6: =iferror(VLOOKUP($B6,Indirect(text(R$2,"yyyy-MM-dd")&"!$C$27:$D$40",TRUE),2,0),0) -> 0 | S6: =iferror(VLOOKUP($B6,Indirect(text(S$2,"yyyy-MM-dd")&"!$C$27:$D$40",TRUE),2,0),0) -> 3221.28 | T6: =iferror(VLOOKUP($B6,Indirect(text(T$2,"yyyy-MM-dd")&"!$C$27:$D$40",TRUE),2,0),0) -> 3021.25 | U6: =iferror(VLOOKUP($B6,Indirect(text(U$2,"yyyy-MM-dd")&"!$C$27:$D$40",TRUE),2,0),0) -> 3009.51
B7: PP | C7: =iferror(VLOOKUP($B7,Indirect(text(C$2,"yyyy-MM-dd")&"!$C$27:$D$34",TRUE),2,0),0) -> 0 | D7: =iferror(VLOOKUP($B7,Indirect(text(D$2,"yyyy-MM-dd")&"!$C$27:$D$34",TRUE),2,0),0) -> 0 | E7: =iferror(VLOOKUP($B7,Indirect(text(E$2,"yyyy-MM-dd")&"!$C$27:$D$34",TRUE),2,0),0) -> 0 | F7: =iferror(VLOOKUP($B7,Indirect(text(F$2,"yyyy-MM-dd")&"!$C$27:$D$34",TRUE),2,0),0) -> 0 | G7: =iferror(VLOOKUP($B7,Indirect(text(G$2,"yyyy-MM-dd")&"!$C$27:$D$34",TRUE),2,0),0) -> 0 | H7: =iferror(VLOOKUP($B7,Indirect(text(H$2,"yyyy-MM-dd")&"!$C$27:$D$34",TRUE),2,0),0) -> 0 | I7: =iferror(VLOOKUP($B7,Indirect(text(I$2,"yyyy-MM-dd")&"!$C$27:$D$34",TRUE),2,0),0) -> 0 | J7: =iferror(VLOOKUP($B7,Indirect(text(J$2,"yyyy-MM-dd")&"!$C$27:$D$34",TRUE),2,0),0) -> 0 | ... Q7: =iferror(VLOOKUP($B7,Indirect(text(Q$2,"yyyy-MM-dd")&"!$C$27:$D$34",TRUE),2,0),0) -> 0 | R7: =iferror(VLOOKUP($B7,Indirect(text(R$2,"yyyy-MM-dd")&"!$C$27:$D$40",TRUE),2,0),0) -> 0 | S7: =iferror(VLOOKUP($B7,Indirect(text(S$2,"yyyy-MM-dd")&"!$C$27:$D$40",TRUE),2,0),0) -> 0 | T7: =iferror(VLOOKUP($B7,Indirect(text(T$2,"yyyy-MM-dd")&"!$C$27:$D$40",TRUE),2,0),0) -> 0 | U7: =iferror(VLOOKUP($B7,Indirect(text(U$2,"yyyy-MM-dd")&"!$C$27:$D$40",TRUE),2,0),0) -> 0
B8: PIAS | C8: =iferror(VLOOKUP($B8,Indirect(text(C$2,"yyyy-MM-dd")&"!$C$27:$D$34",TRUE),2,0),0) -> 0 | D8: =iferror(VLOOKUP($B8,Indirect(text(D$2,"yyyy-MM-dd")&"!$C$27:$D$34",TRUE),2,0),0) -> 0 | E8: =iferror(VLOOKUP($B8,Indirect(text(E$2,"yyyy-MM-dd")&"!$C$27:$D$34",TRUE),2,0),0) -> 0 | F8: =iferror(VLOOKUP($B8,Indirect(text(F$2,"yyyy-MM-dd")&"!$C$27:$D$34",TRUE),2,0),0) -> 0 | G8: =iferror(VLOOKUP($B8,Indirect(text(G$2,"yyyy-MM-dd")&"!$C$27:$D$34",TRUE),2,0),0) -> 0 | H8: =iferror(VLOOKUP($B8,Indirect(text(H$2,"yyyy-MM-dd")&"!$C$27:$D$34",TRUE),2,0),0) -> 0 | I8: =iferror(VLOOKUP($B8,Indirect(text(I$2,"yyyy-MM-dd")&"!$C$27:$D$34",TRUE),2,0),0) -> 0 | J8: =iferror(VLOOKUP($B8,Indirect(text(J$2,"yyyy-MM-dd")&"!$C$27:$D$34",TRUE),2,0),0) -> 0 | ... Q8: =iferror(VLOOKUP($B8,Indirect(text(Q$2,"yyyy-MM-dd")&"!$C$27:$D$34",TRUE),2,0),0) -> 0 | R8: =iferror(VLOOKUP($B8,Indirect(text(R$2,"yyyy-MM-dd")&"!$C$27:$D$40",TRUE),2,0),0) -> 0 | S8: =iferror(VLOOKUP($B8,Indirect(text(S$2,"yyyy-MM-dd")&"!$C$27:$D$40",TRUE),2,0),0) -> 0 | T8: =iferror(VLOOKUP($B8,Indirect(text(T$2,"yyyy-MM-dd")&"!$C$27:$D$40",TRUE),2,0),0) -> 0 | U8: =iferror(VLOOKUP($B8,Indirect(text(U$2,"yyyy-MM-dd")&"!$C$27:$D$40",TRUE),2,0),0) -> 0
B9: Crypto | C9: =iferror(VLOOKUP($B9,Indirect(text(C$2,"yyyy-MM-dd")&"!$C$27:$D$34",TRUE),2,0),0) -> 0 | D9: =iferror(VLOOKUP($B9,Indirect(text(D$2,"yyyy-MM-dd")&"!$C$27:$D$34",TRUE),2,0),0) -> 0 | E9: =iferror(VLOOKUP($B9,Indirect(text(E$2,"yyyy-MM-dd")&"!$C$27:$D$34",TRUE),2,0),0) -> 0 | F9: =iferror(VLOOKUP($B9,Indirect(text(F$2,"yyyy-MM-dd")&"!$C$27:$D$34",TRUE),2,0),0) -> 0 | G9: =iferror(VLOOKUP($B9,Indirect(text(G$2,"yyyy-MM-dd")&"!$C$27:$D$34",TRUE),2,0),0) -> 0 | H9: =iferror(VLOOKUP($B9,Indirect(text(H$2,"yyyy-MM-dd")&"!$C$27:$D$34",TRUE),2,0),0) -> 0 | I9: =iferror(VLOOKUP($B9,Indirect(text(I$2,"yyyy-MM-dd")&"!$C$27:$D$34",TRUE),2,0),0) -> 0 | J9: =iferror(VLOOKUP($B9,Indirect(text(J$2,"yyyy-MM-dd")&"!$C$27:$D$34",TRUE),2,0),0) -> 0 | ... Q9: =iferror(VLOOKUP($B9,Indirect(text(Q$2,"yyyy-MM-dd")&"!$C$27:$D$34",TRUE),2,0),0) -> 0 | R9: =iferror(VLOOKUP($B9,Indirect(text(R$2,"yyyy-MM-dd")&"!$C$27:$D$40",TRUE),2,0),0) -> 0 | S9: =iferror(VLOOKUP($B9,Indirect(text(S$2,"yyyy-MM-dd")&"!$C$27:$D$40",TRUE),2,0),0) -> 0 | T9: =iferror(VLOOKUP($B9,Indirect(text(T$2,"yyyy-MM-dd")&"!$C$27:$D$40",TRUE),2,0),0) -> 0 | U9: =iferror(VLOOKUP($B9,Indirect(text(U$2,"yyyy-MM-dd")&"!$C$27:$D$40",TRUE),2,0),0) -> 0
B10: CASH | C10: =iferror(VLOOKUP($B10,Indirect(text(C$2,"yyyy-MM-dd")&"!$C$27:$D$34",TRUE),2,0),0) -> 8828.185 | D10: =iferror(VLOOKUP($B10,Indirect(text(D$2,"yyyy-MM-dd")&"!$C$27:$D$34",TRUE),2,0),0) -> 9771.11 | E10: =iferror(VLOOKUP($B10,Indirect(text(E$2,"yyyy-MM-dd")&"!$C$27:$D$34",TRUE),2,0),0) -> 12017.24 | F10: =iferror(VLOOKUP($B10,Indirect(text(F$2,"yyyy-MM-dd")&"!$C$27:$D$34",TRUE),2,0),0) -> 12633.995 | G10: =iferror(VLOOKUP($B10,Indirect(text(G$2,"yyyy-MM-dd")&"!$C$27:$D$34",TRUE),2,0),0) -> 14019.125 | H10: =iferror(VLOOKUP($B10,Indirect(text(H$2,"yyyy-MM-dd")&"!$C$27:$D$34",TRUE),2,0),0) -> 15689.955 | I10: =iferror(VLOOKUP($B10,Indirect(text(I$2,"yyyy-MM-dd")&"!$C$27:$D$34",TRUE),2,0),0) -> 18831.03 | J10: =iferror(VLOOKUP($B10,Indirect(text(J$2,"yyyy-MM-dd")&"!$C$27:$D$34",TRUE),2,0),0) -> 19679.06 | ... Q10: =iferror(VLOOKUP($B10,Indirect(text(Q$2,"yyyy-MM-dd")&"!$C$27:$D$34",TRUE),2,0),0) -> 24129.96 | R10: =iferror(VLOOKUP($B10,Indirect(text(R$2,"yyyy-MM-dd")&"!$C$27:$D$40",TRUE),2,0),0) -> 18273.84 | S10: =iferror(VLOOKUP($B10,Indirect(text(S$2,"yyyy-MM-dd")&"!$C$27:$D$40",TRUE),2,0),0) -> 16241.81 | T10: =iferror(VLOOKUP($B10,Indirect(text(T$2,"yyyy-MM-dd")&"!$C$27:$D$40",TRUE),2,0),0) -> 16408.055 | U10: =iferror(VLOOKUP($B10,Indirect(text(U$2,"yyyy-MM-dd")&"!$C$27:$D$40",TRUE),2,0),0) -> 21501.915
B11: Total | C11: =SUM(C3:C10) -> 45573.335 | D11: =SUM(D3:D10) -> 47240.08 | E11: =SUM(E3:E10) -> 49242.635 | F11: =SUM(F3:F10) -> 50608.645 | G11: =SUM(G3:G10) -> 52542.73 | H11: =SUM(H3:H10) -> 54852.97 | I11: =SUM(I3:I10) -> 58906.07 | J11: =SUM(J3:J10) -> 60271.33 | ... U11: =SUM(U3:U10) -> 75072.605
C16: 45297
B17: Casa | C17: =C3/C$11 -> 0 | D17: =D3/D$11 -> 0 | E17: =E3/E$11 -> 0
B18: Inmueble | C18: =C4/C$11 -> 0.45697007 | D18: =D4/D$11 -> 0.44337605 | E18: =E4/E$11 -> 0.42777057
B19: Hereditas | C19: =C5/C$11 -> 0.34931611 | D19: =D5/D$11 -> 0.34978455 | E19: =E5/E$11 -> 0.32818806
B20: RF | C20: =C6/C$11 -> 0 | D20: =D6/D$11 -> 0 | E20: =E6/E$11 -> 0
B21: PP | C21: =C7/C$11 -> 0 | D21: =D7/D$11 -> 0 | E21: =E7/E$11 -> 0
B22: PIAS | C22: =C8/C$11 -> 0 | D22: =D8/D$11 -> 0 | E22: =E8/E$11 -> 0
B23: Crypto | C23: =C9/C$11 -> 0 | D23: =D9/D$11 -> 0 | E23: =E9/E$11 -> 0
B24: CASH | C24: =C10/C$11 -> 0.19371382 | D24: =D10/D$11 -> 0.2068394 | E24: =E10/E$11 -> 0.24404137
B25: Total | C25: =C11/$C$11 -> 1 | D25: =D11/$C$11 -> 1.0365728 | E25: =E11/$C$11 -> 1.0805142
B54: rate
B55: period
B56: amount

Sheet 2025-01-06
D2: Date | E2: 45663
A4: Tipo Activo | B4: Activo | C4: Cantidad | D4: NAV | E4: Broker
A5: PP | B5: Plan Pensiones
A6: PIAS | B6: SIALP | D6: 0
A7: PIAS | B7: PIAS | D7: 0 | E7: BKT
A8: RF | B8: Fondos | D8: 0 | E8: BKT
A9: CASH | B9: Comun | D9: =3698.56/2 -> 1849.28 | E9: RuralVia
A10: CASH | B10: Comun | D10: =3722.67/2 -> 1861.335 | E10: BKT
A11: CASH | B11: Patri | D11: 3678.2 | E11: BKT
A12: CASH | B12: CASH | D12: 1439.37 | E12: SAB
A13: Inmueble | B13: AQ | D13: =(110000-68348.7)*0.5 -> 20825.65
A14: Hereditas | D14: =(75000+14918.69-14868.47-43211.22)/2 -> 15919.5
C16: RF | D16: =SUMIF($A$5:$A$14,C16,$D$5:$D$14) -> 0 | E16: =D16/$D$23 -> 0
C17: PP | D17: =SUMIF($A$5:$A$14,C17,$D$5:$D$14) -> 0 | E17: =D17/$D$23 -> 0
C18: PIAS | D18: =SUMIF($A$5:$A$14,C18,$D$5:$D$14) -> 0 | E18: =D18/$D$23 -> 0
C19: Crypto | D19: =SUMIF($A$5:$A$14,C19,$D$5:$D$14) -> 0 | E19: =D19/$D$23 -> 0
C20: CASH | D20: =SUMIF($A$5:$A$14,C20,$D$5:$D$14) -> 8828.185 | E20: =D20/$D$23 -> 0.19371382
C21: Inmueble | D21: =SUMIF($A$5:$A$14,C21,$D$5:$D$14) -> 20825.65 | E21: =D21/$D$23 -> 0.45697007
C22: Hereditas | D22: =SUMIF($A$5:$A$14,C22,$D$5:$D$14) -> 15919.5 | E22: =D22/$D$23 -> 0.34931611
D23: =SUM($D$16:D22) -> 45573.335
C27: RF | D27: =SUMIF($A$5:$A$14,C27,$D$5:$D$14) -> 0 | E27: =D27/$D$35 -> 0
C28: PP | D28: =SUMIF($A$5:$A$14,C28,$D$5:$D$14) -> 0 | E28: =D28/$D$35 -> 0
C29: PIAS | D29: =SUMIF($A$5:$A$14,C29,$D$5:$D$14) -> 0 | E29: =D29/$D$35 -> 0
C30: Crypto | D30: =SUMIF($A$5:$A$14,C30,$D$5:$D$14) -> 0 | E30: =D30/$D$35 -> 0
C31: CASH | D31: =SUMIF($A$5:$A$14,C31,$D$5:$D$14) -> 8828.185 | E31: =D31/$D$35 -> 0.19371382
C32: Inmueble | D32: =SUMIF($A$5:$A$14,C32,$D$5:$D$14) -> 20825.65 | E32: =D32/$D$35 -> 0.45697007
C33: Casa | D33: =SUMIF($A$5:$A$14,C33,$D$5:$D$14) -> 0 | E33: =D33/$D$35 -> 0
C34: Hereditas | D34: =SUMIF($A$5:$A$14,C34,$D$5:$D$14) -> 15919.5 | E34: =D34/$D$35 -> 0.34931611
D35: =SUM(D27:D34) -> 45573.335
D38: 12
D39: 12

Sheet 2025-02-06
D2: Date | E2: 45663
A4: Tipo Activo | B4: Activo | C4: Cantidad | D4: NAV | E4: Broker
A5: PP | B5: Plan Pensiones
A6: PIAS | B6: SIALP | D6: 0
A7: PIAS | B7: PIAS | D7: 0 | E7: BKT
A8: RF | B8: Fondos | D8: 0 | E8: BKT
A9: CASH | B9: Comun | D9: =4849.12/2 -> 2424.56 | E9: RuralVia
A10: CASH | B10: Comun | D10: =2901.64/2 -> 1450.82 | E10: BKT
A11: CASH | B11: Patri | D11: 3741.09 | E11: BKT
A12: CASH | B12: CASH | D12: 2154.64 | E12: SAB
A13: Inmueble | B13: AQ | D13: =(110000-68109.76)*0.5 -> 20945.12
A14: Hereditas | D14: =(75000+15360.48-14366.41-42946.37)/2 -> 16523.85
C16: RF | D16: =SUMIF($A$5:$A$14,C16,$D$5:$D$14) -> 0 | E16: =D16/$D$23 -> 0
C17: PP | D17: =SUMIF($A$5:$A$14,C17,$D$5:$D$14) -> 0 | E17: =D17/$D$23 -> 0
C18: PIAS | D18: =SUMIF($A$5:$A$14,C18,$D$5:$D$14) -> 0 | E18: =D18/$D$23 -> 0
C19: Crypto | D19: =SUMIF($A$5:$A$14,C19,$D$5:$D$14) -> 0 | E19: =D19/$D$23 -> 0
C20: CASH | D20: =SUMIF($A$5:$A$14,C20,$D$5:$D$14) -> 9771.11 | E20: =D20/$D$23 -> 0.2068394
C21: Inmueble | D21: =SUMIF($A$5:$A$14,C21,$D$5:$D$14) -> 20945.12 | E21: =D21/$D$23 -> 0.44337605
C22: Hereditas | D22: =SUMIF($A$5:$A$14,C22,$D$5:$D$14) -> 16523.85 | E22: =D22/$D$23 -> 0.34978455
D23: =SUM($D$16:D22) -> 47240.08
C27: RF | D27: =SUMIF($A$5:$A$14,C27,$D$5:$D$14) -> 0 | E27: =D27/$D$35 -> 0
C28: PP | D28: =SUMIF($A$5:$A$14,C28,$D$5:$D$14) -> 0 | E28: =D28/$D$35 -> 0
C29: PIAS | D29: =SUMIF($A$5:$A$14,C29,$D$5:$D$14) -> 0 | E29: =D29/$D$35 -> 0
C30: Crypto | D30: =SUMIF($A$5:$A$14,C30,$D$5:$D$14) -> 0 | E30: =D30/$D$35 -> 0
C31: CASH | D31: =SUMIF($A$5:$A$14,C31,$D$5:$D$14) -> 9771.11 | E31: =D31/$D$35 -> 0.2068394
C32: Inmueble | D32: =SUMIF($A$5:$A$14,C32,$D$5:$D$14) -> 20945.12 | E32: =D32/$D$35 -> 0.44337605
C33: Casa | D33: =SUMIF($A$5:$A$14,C33,$D$5:$D$14) -> 0 | E33: =D33/$D$35 -> 0
C34: Hereditas | D34: =SUMIF($A$5:$A$14,C34,$D$5:$D$14) -> 16523.85 | E34: =D34/$D$35 -> 0.34978455
D35: =SUM(D27:D34) -> 47240.08
D38: 12
D39: 12

Sheet 2025-03-06
D2: Date | E2: 45663
A4: Tipo Activo | B4: Activo | C4: Cantidad | D4: NAV | E4: Broker
A5: PP | B5: Plan Pensiones
A6: PIAS | B6: SIALP | D6: 0
A7: PIAS | B7: PIAS | D7: 0 | E7: BKT
A8: RF | B8: Fondos | D8: 0 | E8: BKT
A9: CASH | B9: Comun | D9: =5555.76/2 -> 2777.88 | E9: RuralVia
A10: CASH | B10: Comun | D10: =2171.08/2 -> 1085.54 | E10: BKT
A11: CASH | B11: Patri | D11: 3987.46 | E11: BKT
A12: CASH | B12: CASH | D12: 4166.36 | E12: SAB
A13: Inmueble | B13: AQ | D13: =(110000-67870.9)*0.5 -> 21064.55
A14: Hereditas | D14: =(75000+51882.94-13881.86-42679.39-38000)/2 -> 16160.845
C16: RF | D16: =SUMIF($A$5:$A$14,C16,$D$5:$D$14) -> 0 | E16: =D16/$D$23 -> 0
C17: PP | D17: =SUMIF($A$5:$A$14,C17,$D$5:$D$14) -> 0 | E17: =D17/$D$23 -> 0
C18: PIAS | D18: =SUMIF($A$5:$A$14,C18,$D$5:$D$14) -> 0 | E18: =D18/$D$23 -> 0
C19: Crypto | D19: =SUMIF($A$5:$A$14,C19,$D$5:$D$14) -> 0 | E19: =D19/$D$23 -> 0
C20: CASH | D20: =SUMIF($A$5:$A$14,C20,$D$5:$D$14) -> 12017.24 | E20: =D20/$D$23 -> 0.24404137
C21: Inmueble | D21: =SUMIF($A$5:$A$14,C21,$D$5:$D$14) -> 21064.55 | E21: =D21/$D$23 -> 0.42777057
C22: Hereditas | D22: =SUMIF($A$5:$A$14,C22,$D$5:$D$14) -> 16160.845 | E22: =D22/$D$23 -> 0.32818806
D23: =SUM($D$16:D22) -> 49242.635
C27: RF | D27: =SUMIF($A$5:$A$14,C27,$D$5:$D$14) -> 0 | E27: =D27/$D$35 -> 0
C28: PP | D28: =SUMIF($A$5:$A$14,C28,$D$5:$D$14) -> 0 | E28: =D28/$D$35 -> 0
C29: PIAS | D29: =SUMIF($A$5:$A$14,C29,$D$5:$D$14) -> 0 | E29: =D29/$D$35 -> 0
C30: Crypto | D30: =SUMIF($A$5:$A$14,C30,$D$5:$D$14) -> 0 | E30: =D30/$D$35 -> 0
C31: CASH | D31: =SUMIF($A$5:$A$14,C31,$D$5:$D$14) -> 12017.24 | E31: =D31/$D$35 -> 0.24404137
C32: Inmueble | D32: =SUMIF($A$5:$A$14,C32,$D$5:$D$14) -> 21064.55 | E32: =D32/$D$35 -> 0.42777057
C33: Casa | D33: =SUMIF($A$5:$A$14,C33,$D$5:$D$14) -> 0 | E33: =D33/$D$35 -> 0
C34: Hereditas | D34: =SUMIF($A$5:$A$14,C34,$D$5:$D$14) -> 16160.845 | E34: =D34/$D$35 -> 0.32818806
D35: =SUM(D27:D34) -> 49242.635
D38: 12
D39: 12

Sheet 2025-04-13
D2: Date | E2: 45663
A4: Tipo Activo | B4: Activo | C4: Cantidad | D4: NAV | E4: Broker
A5: PP | B5: Plan Pensiones
A6: PIAS | B6: SIALP | D6: 0
A7: PIAS | B7: PIAS | D7: 0 | E7: BKT
A8: RF | B8: Fondos | D8: 0 | E8: BKT
A9: CASH | B9: Comun | D9: =6045.98/2 -> 3022.99 | E9: RuralVia
A10: CASH | B10: Comun | D10: =1752.31/2 -> 876.155 | E10: BKT
A11: CASH | B11: Patri | D11: 4066 | E11: BKT
A12: CASH | B12: CASH | D12: 4668.85 | E12: SAB
A13: Inmueble | B13: AQ | D13: =(110000-67631.48)*0.5 -> 21184.26
A14: Hereditas | D14: =(75000+51882.94-13394.8-42410.96-37496.4)/2 -> 16790.39
C16: RF | D16: =SUMIF($A$5:$A$14,C16,$D$5:$D$14) -> 0 | E16: =D16/$D$23 -> 0
C17: PP | D17: =SUMIF($A$5:$A$14,C17,$D$5:$D$14) -> 0 | E17: =D17/$D$23 -> 0
C18: PIAS | D18: =SUMIF($A$5:$A$14,C18,$D$5:$D$14) -> 0 | E18: =D18/$D$23 -> 0
C19: Crypto | D19: =SUMIF($A$5:$A$14,C19,$D$5:$D$14) -> 0 | E19: =D19/$D$23 -> 0
C20: CASH | D20: =SUMIF($A$5:$A$14,C20,$D$5:$D$14) -> 12633.995 | E20: =D20/$D$23 -> 0.24964104
C21: Inmueble | D21: =SUMIF($A$5:$A$14,C21,$D$5:$D$14) -> 21184.26 | E21: =D21/$D$23 -> 0.41858975
C22: Hereditas | D22: =SUMIF($A$5:$A$14,C22,$D$5:$D$14) -> 16790.39 | E22: =D22/$D$23 -> 0.33176921
D23: =SUM($D$16:D22) -> 50608.645
C27: RF | D27: =SUMIF($A$5:$A$14,C27,$D$5:$D$14) -> 0 | E27: =D27/$D$35 -> 0
C28: PP | D28: =SUMIF($A$5:$A$14,C28,$D$5:$D$14) -> 0 | E28: =D28/$D$35 -> 0
C29: PIAS | D29: =SUMIF($A$5:$A$14,C29,$D$5:$D$14) -> 0 | E29: =D29/$D$35 -> 0
C30: Crypto | D30: =SUMIF($A$5:$A$14,C30,$D$5:$D$14) -> 0 | E30: =D30/$D$35 -> 0
C31: CASH | D31: =SUMIF($A$5:$A$14,C31,$D$5:$D$14) -> 12633.995 | E31: =D31/$D$35 -> 0.24964104
C32: Inmueble | D32: =SUMIF($A$5:$A$14,C32,$D$5:$D$14) -> 21184.26 | E32: =D32/$D$35 -> 0.41858975
C33: Casa | D33: =SUMIF($A$5:$A$14,C33,$D$5:$D$14) -> 0 | E33: =D33/$D$35 -> 0
C34: Hereditas | D34: =SUMIF($A$5:$A$14,C34,$D$5:$D$14) -> 16790.39 | E34: =D34/$D$35 -> 0.33176921
D35: =SUM(D27:D34) -> 50608.645
D38: 12
D39: 12

Sheet 2025-05-05
D2: Date | E2: 45663
A4: Tipo Activo | B4: Activo | C4: Cantidad | D4: NAV | E4: Broker
A5: PP | B5: Plan Pensiones
A6: PIAS | B6: SIALP | D6: 0
A7: PIAS | B7: PIAS | D7: 0 | E7: BKT
A8: RF | B8: Fondos | D8: 0 | E8: BKT
A9: CASH | B9: Comun | D9: =6768.16/2 -> 3384.08 | E9: RuralVia
A10: CASH | B10: Comun | D10: =1809.79/2 -> 904.895 | E10: BKT
A11: CASH | B11: Patri | D11: 1471.16 | E11: BKT
A12: CASH | B12: CASH | D12: 8258.99 | E12: SAB
A13: Inmueble | B13: AQ | D13: =(110000-67391.5)*0.5 -> 21304.25
A14: Hereditas | D14: =(75000+51981.42-12905.23-42141.08-37496.4)/2 -> 17219.355
C16: RF | D16: =SUMIF($A$5:$A$14,C16,$D$5:$D$14) -> 0 | E16: =D16/$D$23 -> 0
C17: PP | D17: =SUMIF($A$5:$A$14,C17,$D$5:$D$14) -> 0 | E17: =D17/$D$23 -> 0
C18: PIAS | D18: =SUMIF($A$5:$A$14,C18,$D$5:$D$14) -> 0 | E18: =D18/$D$23 -> 0
C19: Crypto | D19: =SUMIF($A$5:$A$14,C19,$D$5:$D$14) -> 0 | E19: =D19/$D$23 -> 0
C20: CASH | D20: =SUMIF($A$5:$A$14,C20,$D$5:$D$14) -> 14019.125 | E20: =D20/$D$23 -> 0.26681379
C21: Inmueble | D21: =SUMIF($A$5:$A$14,C21,$D$5:$D$14) -> 21304.25 | E21: =D21/$D$23 -> 0.40546523
C22: Hereditas | D22: =SUMIF($A$5:$A$14,C22,$D$5:$D$14) -> 17219.355 | E22: =D22/$D$23 -> 0.32772098
D23: =SUM($D$16:D22) -> 52542.73
C27: RF | D27: =SUMIF($A$5:$A$14,C27,$D$5:$D$14) -> 0 | E27: =D27/$D$35 -> 0
C28: PP | D28: =SUMIF($A$5:$A$14,C28,$D$5:$D$14) -> 0 | E28: =D28/$D$35 -> 0
C29: PIAS | D29: =SUMIF($A$5:$A$14,C29,$D$5:$D$14) -> 0 | E29: =D29/$D$35 -> 0
C30: Crypto | D30: =SUMIF($A$5:$A$14,C30,$D$5:$D$14) -> 0 | E30: =D30/$D$35 -> 0
C31: CASH | D31: =SUMIF($A$5:$A$14,C31,$D$5:$D$14) -> 14019.125 | E31: =D31/$D$35 -> 0.26681379
C32: Inmueble | D32: =SUMIF($A$5:$A$14,C32,$D$5:$D$14) -> 21304.25 | E32: =D32/$D$35 -> 0.40546523
C33: Casa | D33: =SUMIF($A$5:$A$14,C33,$D$5:$D$14) -> 0 | E33: =D33/$D$35 -> 0
C34: Hereditas | D34: =SUMIF($A$5:$A$14,C34,$D$5:$D$14) -> 17219.355 | E34: =D34/$D$35 -> 0.32772098
D35: =SUM(D27:D34) -> 52542.73
D38: 12
D39: 12

Sheet 2025-06-09
D2: Date | E2: 45663
A4: Tipo Activo | B4: Activo | C4: Cantidad | D4: NAV | E4: Broker
A5: PP | B5: Plan Pensiones
A6: PIAS | B6: SIALP | D6: 0
A7: PIAS | B7: PIAS | D7: 0 | E7: BKT
A8: RF | B8: Fondos | D8: 0 | E8: BKT
A9: CASH | B9: Comun | D9: =7649.86/2 -> 3824.93 | E9: RuralVia
A10: CASH | B10: Comun | D10: =1940.47/2 -> 970.235 | E10: BKT
A11: CASH | B11: Patri | D11: 2234.8 | E11: BKT | F11: =D11-'2025-05-05'!D11 -> 763.64
A12: CASH | B12: CASH | D12: 8659.99 | E12: SAB | F12: =D12-'2025-05-05'!D12 -> 401
A13: Inmueble | B13: AQ | D13: =(110000-67150.96)*0.5 -> 21424.52
A14: Hereditas | D14: =(75000+52003.03-12413.13-41869.73-37243.18)/2 -> 17738.495
C16: RF | D16: =SUMIF($A$5:$A$14,C16,$D$5:$D$14) -> 0 | E16: =D16/$D$23 -> 0
C17: PP | D17: =SUMIF($A$5:$A$14,C17,$D$5:$D$14) -> 0 | E17: =D17/$D$23 -> 0
C18: PIAS | D18: =SUMIF($A$5:$A$14,C18,$D$5:$D$14) -> 0 | E18: =D18/$D$23 -> 0
C19: Crypto | D19: =SUMIF($A$5:$A$14,C19,$D$5:$D$14) -> 0 | E19: =D19/$D$23 -> 0
C20: CASH | D20: =SUMIF($A$5:$A$14,C20,$D$5:$D$14) -> 15689.955 | E20: =D20/$D$23 -> 0.28603656
C21: Inmueble | D21: =SUMIF($A$5:$A$14,C21,$D$5:$D$14) -> 21424.52 | E21: =D21/$D$23 -> 0.39058086
C22: Hereditas | D22: =SUMIF($A$5:$A$14,C22,$D$5:$D$14) -> 17738.495 | E22: =D22/$D$23 -> 0.32338258
D23: =SUM($D$16:D22) -> 54852.97
C27: RF | D27: =SUMIF($A$5:$A$14,C27,$D$5:$D$14) -> 0 | E27: =D27/$D$35 -> 0
C28: PP | D28: =SUMIF($A$5:$A$14,C28,$D$5:$D$14) -> 0 | E28: =D28/$D$35 -> 0
C29: PIAS | D29: =SUMIF($A$5:$A$14,C29,$D$5:$D$14) -> 0 | E29: =D29/$D$35 -> 0
C30: Crypto | D30: =SUMIF($A$5:$A$14,C30,$D$5:$D$14) -> 0 | E30: =D30/$D$35 -> 0
C31: CASH | D31: =SUMIF($A$5:$A$14,C31,$D$5:$D$14) -> 15689.955 | E31: =D31/$D$35 -> 0.28603656
C32: Inmueble | D32: =SUMIF($A$5:$A$14,C32,$D$5:$D$14) -> 21424.52 | E32: =D32/$D$35 -> 0.39058086
C33: Casa | D33: =SUMIF($A$5:$A$14,C33,$D$5:$D$14) -> 0 | E33: =D33/$D$35 -> 0
C34: Hereditas | D34: =SUMIF($A$5:$A$14,C34,$D$5:$D$14) -> 17738.495 | E34: =D34/$D$35 -> 0.32338258
D35: =SUM(D27:D34) -> 54852.97
D38: 12
D39: 12

Sheet 2025-07-05
D2: Date | E2: 45663
A4: Tipo Activo | B4: Activo | C4: Cantidad | D4: NAV | E4: Broker
A5: PP | B5: Plan Pensiones
A6: PIAS | B6: SIALP | D6: 0
A7: PIAS | B7: PIAS | D7: 0 | E7: BKT
A8: RF | B8: Fondos | D8: 0 | E8: BKT
A9: CASH | B9: Comun | D9: =7628.41/2 -> 3814.205 | E9: RuralVia
A10: CASH | B10: Comun | D10: =1964.97/2 -> 982.485 | E10: BKT
A11: CASH | B11: Patri | D11: 3039.94 | E11: BKT | F11: =D11-'2025-05-05'!D11 -> 1568.78
A12: CASH | B12: CASH | D12: 10994.4 | E12: SAB | F12: =D12-'2025-05-05'!D12 -> 2735.41
A13: Inmueble | B13: AQ | D13: =(110000-66909.86)*0.5 -> 21545.07
A14: Hereditas | D14: =(75000+52564.34-11918.48-41596.91-36989.01)/2 -> 18529.97
C16: RF | D16: =SUMIF($A$5:$A$14,C16,$D$5:$D$14) -> 0 | E16: =D16/$D$23 -> 0
C17: PP | D17: =SUMIF($A$5:$A$14,C17,$D$5:$D$14) -> 0 | E17: =D17/$D$23 -> 0
C18: PIAS | D18: =SUMIF($A$5:$A$14,C18,$D$5:$D$14) -> 0 | E18: =D18/$D$23 -> 0
C19: Crypto | D19: =SUMIF($A$5:$A$14,C19,$D$5:$D$14) -> 0 | E19: =D19/$D$23 -> 0
C20: CASH | D20: =SUMIF($A$5:$A$14,C20,$D$5:$D$14) -> 18831.03 | E20: =D20/$D$23 -> 0.31967894
C21: Inmueble | D21: =SUMIF($A$5:$A$14,C21,$D$5:$D$14) -> 21545.07 | E21: =D21/$D$23 -> 0.36575297
C22: Hereditas | D22: =SUMIF($A$5:$A$14,C22,$D$5:$D$14) -> 18529.97 | E22: =D22/$D$23 -> 0.31456809
D23: =SUM($D$16:D22) -> 58906.07
C27: RF | D27: =SUMIF($A$5:$A$14,C27,$D$5:$D$14) -> 0 | E27: =D27/$D$35 -> 0
C28: PP | D28: =SUMIF($A$5:$A$14,C28,$D$5:$D$14) -> 0 | E28: =D28/$D$35 -> 0
C29: PIAS | D29: =SUMIF($A$5:$A$14,C29,$D$5:$D$14) -> 0 | E29: =D29/$D$35 -> 0
C30: Crypto | D30: =SUMIF($A$5:$A$14,C30,$D$5:$D$14) -> 0 | E30: =D30/$D$35 -> 0
C31: CASH | D31: =SUMIF($A$5:$A$14,C31,$D$5:$D$14) -> 18831.03 | E31: =D31/$D$35 -> 0.31967894
C32: Inmueble | D32: =SUMIF($A$5:$A$14,C32,$D$5:$D$14) -> 21545.07 | E32: =D32/$D$35 -> 0.36575297
C33: Casa | D33: =SUMIF($A$5:$A$14,C33,$D$5:$D$14) -> 0 | E33: =D33/$D$35 -> 0
C34: Hereditas | D34: =SUMIF($A$5:$A$14,C34,$D$5:$D$14) -> 18529.97 | E34: =D34/$D$35 -> 0.31456809
D35: =SUM(D27:D34) -> 58906.07
D38: 12
D39: 12

Sheet 2025-08-06
D2: Date | E2: 45663
A4: Tipo Activo | B4: Activo | C4: Cantidad | D4: NAV | E4: Broker
A5: PP | B5: Plan Pensiones
A6: PIAS | B6: SIALP | D6: 0
A7: PIAS | B7: PIAS | D7: 0 | E7: BKT
A8: RF | B8: Fondos | D8: 0 | E8: BKT
A9: CASH | B9: Comun | D9: =+8328.85/2 -> 4164.425 | E9: RuralVia
A10: CASH | B10: Comun | D10: =2014.75/2 -> 1007.375 | E10: BKT
A11: CASH | B11: Patri | D11: 1295.94 | E11: BKT | F11: =D11-'2025-05-05'!D11 -> -175.22
A12: CASH | B12: CASH | D12: 13211.32 | E12: SAB | F12: =D12-'2025-05-05'!D12 -> 4952.33
A13: Inmueble | B13: AQ | D13: =(110000-66668.2)*0.5 -> 21665.9
A14: Hereditas | D14: =(75000+52085.65-11421.28-40822.62-36989.01)/2 -> 18926.37
C16: RF | D16: =SUMIF($A$5:$A$14,C16,$D$5:$D$14) -> 0 | E16: =D16/$D$23 -> 0
C17: PP | D17: =SUMIF($A$5:$A$14,C17,$D$5:$D$14) -> 0 | E17: =D17/$D$23 -> 0
C18: PIAS | D18: =SUMIF($A$5:$A$14,C18,$D$5:$D$14) -> 0 | E18: =D18/$D$23 -> 0
C19: Crypto | D19: =SUMIF($A$5:$A$14,C19,$D$5:$D$14) -> 0 | E19: =D19/$D$23 -> 0
C20: CASH | D20: =SUMIF($A$5:$A$14,C20,$D$5:$D$14) -> 19679.06 | E20: =D20/$D$23 -> 0.32650781
C21: Inmueble | D21: =SUMIF($A$5:$A$14,C21,$D$5:$D$14) -> 21665.9 | E21: =D21/$D$23 -> 0.35947274
C22: Hereditas | D22: =SUMIF($A$5:$A$14,C22,$D$5:$D$14) -> 18926.37 | E22: =D22/$D$23 -> 0.31401945
D23: =SUM($D$16:D22) -> 60271.33
C27: RF | D27: =SUMIF($A$5:$A$14,C27,$D$5:$D$14) -> 0 | E27: =D27/$D$35 -> 0
C28: PP | D28: =SUMIF($A$5:$A$14,C28,$D$5:$D$14) -> 0 | E28: =D28/$D$35 -> 0
C29: PIAS | D29: =SUMIF($A$5:$A$14,C29,$D$5:$D$14) -> 0 | E29: =D29/$D$35 -> 0
C30: Crypto | D30: =SUMIF($A$5:$A$14,C30,$D$5:$D$14) -> 0 | E30: =D30/$D$35 -> 0
C31: CASH | D31: =SUMIF($A$5:$A$14,C31,$D$5:$D$14) -> 19679.06 | E31: =D31/$D$35 -> 0.32650781
C32: Inmueble | D32: =SUMIF($A$5:$A$14,C32,$D$5:$D$14) -> 21665.9 | E32: =D32/$D$35 -> 0.35947274
C33: Casa | D33: =SUMIF($A$5:$A$14,C33,$D$5:$D$14) -> 0 | E33: =D33/$D$35 -> 0
C34: Hereditas | D34: =SUMIF($A$5:$A$14,C34,$D$5:$D$14) -> 18926.37 | E34: =D34/$D$35 -> 0.31401945
D35: =SUM(D27:D34) -> 60271.33
D38: 12
D39: 12

Sheet 2025-09-05
D2: Date | E2: 45663
A4: Tipo Activo | B4: Activo | C4: Cantidad | D4: NAV | E4: Broker
A5: PP | B5: Plan Pensiones
A6: PIAS | B6: SIALP | D6: 0
A7: PIAS | B7: PIAS | D7: 0 | E7: BKT
A8: RF | B8: Fondos | D8: 0 | E8: BKT
A9: CASH | B9: Comun | D9: =+8824.3/2 -> 4412.15 | E9: RuralVia
A10: CASH | B10: Comun | D10: =1848.6/2 -> 924.3 | E10: BKT
A11: CASH | B11: Patri | D11: 1910.21 | E11: BKT | F11: =D11-'2025-05-05'!D11 -> 439.05
A12: CASH | B12: CASH | D12: 13908 | E12: SAB | F12: =D12-'2025-05-05'!D12 -> 5649.01
A13: Inmueble | B13: AQ | D13: =(110000-66425.97)*0.5 -> 21787.015
A14: Hereditas | D14: =(75000+50634.46-10921.51-40544.74-36477.81)/2 -> 18845.2
C16: RF | D16: =SUMIF($A$5:$A$14,C16,$D$5:$D$14) -> 0 | E16: =D16/$D$23 -> 0
C17: PP | D17: =SUMIF($A$5:$A$14,C17,$D$5:$D$14) -> 0 | E17: =D17/$D$23 -> 0
C18: PIAS | D18: =SUMIF($A$5:$A$14,C18,$D$5:$D$14) -> 0 | E18: =D18/$D$23 -> 0
C19: Crypto | D19: =SUMIF($A$5:$A$14,C19,$D$5:$D$14) -> 0 | E19: =D19/$D$23 -> 0
C20: CASH | D20: =SUMIF($A$5:$A$14,C20,$D$5:$D$14) -> 21154.66 | E20: =D20/$D$23 -> 0.34238113
C21: Inmueble | D21: =SUMIF($A$5:$A$14,C21,$D$5:$D$14) -> 21787.015 | E21: =D21/$D$23 -> 0.35261558
C22: Hereditas | D22: =SUMIF($A$5:$A$14,C22,$D$5:$D$14) -> 18845.2 | E22: =D22/$D$23 -> 0.30500329
D23: =SUM($D$16:D22) -> 61786.875
C27: RF | D27: =SUMIF($A$5:$A$14,C27,$D$5:$D$14) -> 0 | E27: =D27/$D$35 -> 0
C28: PP | D28: =SUMIF($A$5:$A$14,C28,$D$5:$D$14) -> 0 | E28: =D28/$D$35 -> 0
C29: PIAS | D29: =SUMIF($A$5:$A$14,C29,$D$5:$D$14) -> 0 | E29: =D29/$D$35 -> 0
C30: Crypto | D30: =SUMIF($A$5:$A$14,C30,$D$5:$D$14) -> 0 | E30: =D30/$D$35 -> 0
C31: CASH | D31: =SUMIF($A$5:$A$14,C31,$D$5:$D$14) -> 21154.66 | E31: =D31/$D$35 -> 0.34238113
C32: Inmueble | D32: =SUMIF($A$5:$A$14,C32,$D$5:$D$14) -> 21787.015 | E32: =D32/$D$35 -> 0.35261558
C33: Casa | D33: =SUMIF($A$5:$A$14,C33,$D$5:$D$14) -> 0 | E33: =D33/$D$35 -> 0
C34: Hereditas | D34: =SUMIF($A$5:$A$14,C34,$D$5:$D$14) -> 18845.2 | E34: =D34/$D$35 -> 0.30500329
D35: =SUM(D27:D34) -> 61786.875
D38: 12
D39: 12

Sheet 2025-10-12
D2: Date | E2: 45663
A4: Tipo Activo | B4: Activo | C4: Cantidad | D4: NAV | E4: Broker
A5: PP | B5: Plan Pensiones
A6: PIAS | B6: SIALP | D6: 0
A7: PIAS | B7: PIAS | D7: 0 | E7: BKT
A8: RF | B8: Fondos | D8: 0 | E8: BKT
A9: CASH | B9: Comun | D9: =+9154.66/2 -> 4577.33 | E9: RuralVia
A10: CASH | B10: Comun | D10: =1433.2/2 -> 716.6 | E10: BKT
A11: CASH | B11: Patri | D11: 2226.45 | E11: BKT | F11: =D11-'2025-05-05'!D11 -> 755.29
A12: CASH | B12: CASH | D12: 13026.64 | E12: SAB | F12: =D12-'2025-05-05'!D12 -> 4767.65
A13: Inmueble | B13: AQ | D13: =(110000-66183.18)*0.5 -> 21908.41
A14: Hereditas | D14: =(75000+49919.05-10419.16-40264.75-35962.77)/2 -> 19136.185
C16: RF | D16: =SUMIF($A$5:$A$14,C16,$D$5:$D$14) -> 0 | E16: =D16/$D$23 -> 0
C17: PP | D17: =SUMIF($A$5:$A$14,C17,$D$5:$D$14) -> 0 | E17: =D17/$D$23 -> 0
C18: PIAS | D18: =SUMIF($A$5:$A$14,C18,$D$5:$D$14) -> 0 | E18: =D18/$D$23 -> 0
C19: Crypto | D19: =SUMIF($A$5:$A$14,C19,$D$5:$D$14) -> 0 | E19: =D19/$D$23 -> 0
C20: CASH | D20: =SUMIF($A$5:$A$14,C20,$D$5:$D$14) -> 20547.02 | E20: =D20/$D$23 -> 0.33360093
C21: Inmueble | D21: =SUMIF($A$5:$A$14,C21,$D$5:$D$14) -> 21908.41 | E21: =D21/$D$23 -> 0.35570442
C22: Hereditas | D22: =SUMIF($A$5:$A$14,C22,$D$5:$D$14) -> 19136.185 | E22: =D22/$D$23 -> 0.31069465
D23: =SUM($D$16:D22) -> 61591.615
C27: RF | D27: =SUMIF($A$5:$A$14,C27,$D$5:$D$14) -> 0 | E27: =D27/$D$35 -> 0
C28: PP | D28: =SUMIF($A$5:$A$14,C28,$D$5:$D$14) -> 0 | E28: =D28/$D$35 -> 0
C29: PIAS | D29: =SUMIF($A$5:$A$14,C29,$D$5:$D$14) -> 0 | E29: =D29/$D$35 -> 0
C30: Crypto | D30: =SUMIF($A$5:$A$14,C30,$D$5:$D$14) -> 0 | E30: =D30/$D$35 -> 0
C31: CASH | D31: =SUMIF($A$5:$A$14,C31,$D$5:$D$14) -> 20547.02 | E31: =D31/$D$35 -> 0.33360093
C32: Inmueble | D32: =SUMIF($A$5:$A$14,C32,$D$5:$D$14) -> 21908.41 | E32: =D32/$D$35 -> 0.35570442
C33: Casa | D33: =SUMIF($A$5:$A$14,C33,$D$5:$D$14) -> 0 | E33: =D33/$D$35 -> 0
C34: Hereditas | D34: =SUMIF($A$5:$A$14,C34,$D$5:$D$14) -> 19136.185 | E34: =D34/$D$35 -> 0.31069465
D35: =SUM(D27:D34) -> 61591.615
D38: 12
D39: 12

Sheet 2025-11-07
D2: Date | E2: 45663
A4: Tipo Activo | B4: Activo | C4: Cantidad | D4: NAV | E4: Broker
A5: PP | B5: Plan Pensiones
A6: PIAS | B6: SIALP | D6: 0
A7: PIAS | B7: PIAS | D7: 0 | E7: BKT
A8: RF | B8: Fondos | D8: 0 | E8: BKT
A9: CASH | B9: Comun | D9: =+10180.13/2 -> 5090.065 | E9: RuralVia
A10: CASH | B10: Comun | D10: =1051.84/2 -> 525.92 | E10: BKT
A11: CASH | B11: Patri | D11: 1051 | E11: BKT | F11: =D11-'2025-05-05'!D11 -> -420.16
A12: CASH | B12: CASH | D12: 13308.9 | E12: SAB | F12: =D12-'2025-05-05'!D12 -> 5049.91
A13: Inmueble | B13: AQ | D13: =(110000-65939.83)*0.5 -> 22030.085
A14: Hereditas | D14: =(75000+50374.19-9914.21-39983.24-35962.77)/2 -> 19756.985
C16: RF | D16: =SUMIF($A$5:$A$14,C16,$D$5:$D$14) -> 0 | E16: =D16/$D$23 -> 0
C17: PP | D17: =SUMIF($A$5:$A$14,C17,$D$5:$D$14) -> 0 | E17: =D17/$D$23 -> 0
C18: PIAS | D18: =SUMIF($A$5:$A$14,C18,$D$5:$D$14) -> 0 | E18: =D18/$D$23 -> 0
C19: Crypto | D19: =SUMIF($A$5:$A$14,C19,$D$5:$D$14) -> 0 | E19: =D19/$D$23 -> 0
C20: CASH | D20: =SUMIF($A$5:$A$14,C20,$D$5:$D$14) -> 19975.885 | E20: =D20/$D$23 -> 0.32342826
C21: Inmueble | D21: =SUMIF($A$5:$A$14,C21,$D$5:$D$14) -> 22030.085 | E21: =D21/$D$23 -> 0.35668768
C22: Hereditas | D22: =SUMIF($A$5:$A$14,C22,$D$5:$D$14) -> 19756.985 | E22: =D22/$D$23 -> 0.31988406
D23: =SUM($D$16:D22) -> 61762.955
C27: RF | D27: =SUMIF($A$5:$A$14,C27,$D$5:$D$14) -> 0 | E27: =D27/$D$35 -> 0
C28: PP | D28: =SUMIF($A$5:$A$14,C28,$D$5:$D$14) -> 0 | E28: =D28/$D$35 -> 0
C29: PIAS | D29: =SUMIF($A$5:$A$14,C29,$D$5:$D$14) -> 0 | E29: =D29/$D$35 -> 0
C30: Crypto | D30: =SUMIF($A$5:$A$14,C30,$D$5:$D$14) -> 0 | E30: =D30/$D$35 -> 0
C31: CASH | D31: =SUMIF($A$5:$A$14,C31,$D$5:$D$14) -> 19975.885 | E31: =D31/$D$35 -> 0.32342826
C32: Inmueble | D32: =SUMIF($A$5:$A$14,C32,$D$5:$D$14) -> 22030.085 | E32: =D32/$D$35 -> 0.35668768
C33: Casa | D33: =SUMIF($A$5:$A$14,C33,$D$5:$D$14) -> 0 | E33: =D33/$D$35 -> 0
C34: Hereditas | D34: =SUMIF($A$5:$A$14,C34,$D$5:$D$14) -> 19756.985 | E34: =D34/$D$35 -> 0.31988406
D35: =SUM(D27:D34) -> 61762.955
D38: 12
D39: 12

Sheet 2025-12-07
D2: Date | E2: 45663
A4: Tipo Activo | B4: Activo | C4: Cantidad | D4: NAV | E4: Broker
A5: PP | B5: Plan Pensiones
A6: PIAS | B6: SIALP | D6: 0
A7: PIAS | B7: PIAS | D7: 0 | E7: BKT
A8: RF | B8: Fondos | D8: 0 | E8: BKT
A9: CASH | B9: Comun | D9: =+10866.97/2 -> 5433.485 | E9: RuralVia
A10: CASH | B10: Comun | D10: =494.01/2 -> 247.005 | E10: BKT
A11: CASH | B11: Patri | D11: 1945.12 | E11: BKT | F11: =D11-'2025-05-05'!D11 -> 473.96
A12: CASH | B12: CASH | D12: 14026.26 | E12: SAB | F12: =D12-'2025-05-05'!D12 -> 5767.27
A13: Inmueble | B13: AQ | D13: =(110000-65695.91)*0.5 -> 22152.045
A14: Hereditas | D14: =(75000+50435.5-9406.65-39700.21-35703.8)/2 -> 20312.42
C16: RF | D16: =SUMIF($A$5:$A$14,C16,$D$5:$D$14) -> 0 | E16: =D16/$D$23 -> 0
C17: PP | D17: =SUMIF($A$5:$A$14,C17,$D$5:$D$14) -> 0 | E17: =D17/$D$23 -> 0
C18: PIAS | D18: =SUMIF($A$5:$A$14,C18,$D$5:$D$14) -> 0 | E18: =D18/$D$23 -> 0
C19: Crypto | D19: =SUMIF($A$5:$A$14,C19,$D$5:$D$14) -> 0 | E19: =D19/$D$23 -> 0
C20: CASH | D20: =SUMIF($A$5:$A$14,C20,$D$5:$D$14) -> 21651.87 | E20: =D20/$D$23 -> 0.33769663
C21: Inmueble | D21: =SUMIF($A$5:$A$14,C21,$D$5:$D$14) -> 22152.045 | E21: =D21/$D$23 -> 0.34549768
C22: Hereditas | D22: =SUMIF($A$5:$A$14,C22,$D$5:$D$14) -> 20312.42 | E22: =D22/$D$23 -> 0.31680569
D23: =SUM($D$16:D22) -> 64116.335
C27: RF | D27: =SUMIF($A$5:$A$14,C27,$D$5:$D$14) -> 0 | E27: =D27/$D$35 -> 0
C28: PP | D28: =SUMIF($A$5:$A$14,C28,$D$5:$D$14) -> 0 | E28: =D28/$D$35 -> 0
C29: PIAS | D29: =SUMIF($A$5:$A$14,C29,$D$5:$D$14) -> 0 | E29: =D29/$D$35 -> 0
C30: Crypto | D30: =SUMIF($A$5:$A$14,C30,$D$5:$D$14) -> 0 | E30: =D30/$D$35 -> 0
C31: CASH | D31: =SUMIF($A$5:$A$14,C31,$D$5:$D$14) -> 21651.87 | E31: =D31/$D$35 -> 0.33769663
C32: Inmueble | D32: =SUMIF($A$5:$A$14,C32,$D$5:$D$14) -> 22152.045 | E32: =D32/$D$35 -> 0.34549768
C33: Casa | D33: =SUMIF($A$5:$A$14,C33,$D$5:$D$14) -> 0 | E33: =D33/$D$35 -> 0
C34: Hereditas | D34: =SUMIF($A$5:$A$14,C34,$D$5:$D$14) -> 20312.42 | E34: =D34/$D$35 -> 0.31680569
D35: =SUM(D27:D34) -> 64116.335
D38: 12
D39: 12

Sheet 2026-01-12
D2: Date | E2: 45663
A4: Tipo Activo | B4: Activo | C4: Cantidad | D4: NAV | E4: Broker
A5: PP | B5: Plan Pensiones
A6: PIAS | B6: SIALP | D6: 0
A7: PIAS | B7: PIAS | D7: 0 | E7: BKT
A8: RF | B8: Fondos | D8: 0 | E8: BKT
A9: CASH | B9: Comun | D9: =+10546.21/2 -> 5273.105 | E9: RuralVia
A10: CASH | B10: Comun | D10: =1419.94/2 -> 709.97 | E10: BKT
A11: CASH | B11: Patri | D11: 1616.96 | E11: BKT | F11: =D11-'2025-05-05'!D11 -> 145.8
A12: CASH | B12: CASH | D12: 14743.9 | E12: SAB | F12: =D12-'2025-05-05'!D12 -> 6484.91
A13: Inmueble | B13: AQ | D13: =(110000-65451.42)*0.5 -> 22274.29
A14: Hereditas | D14: =(75000+50271.81-8896.47-39415.64-35443.86)/2 -> 20757.92
C16: RF | D16: =SUMIF($A$5:$A$14,C16,$D$5:$D$14) -> 0 | E16: =D16/$D$23 -> 0
C17: PP | D17: =SUMIF($A$5:$A$14,C17,$D$5:$D$14) -> 0 | E17: =D17/$D$23 -> 0
C18: PIAS | D18: =SUMIF($A$5:$A$14,C18,$D$5:$D$14) -> 0 | E18: =D18/$D$23 -> 0
C19: Crypto | D19: =SUMIF($A$5:$A$14,C19,$D$5:$D$14) -> 0 | E19: =D19/$D$23 -> 0
C20: CASH | D20: =SUMIF($A$5:$A$14,C20,$D$5:$D$14) -> 22343.935 | E20: =D20/$D$23 -> 0.34177505
C21: Inmueble | D21: =SUMIF($A$5:$A$14,C21,$D$5:$D$14) -> 22274.29 | E21: =D21/$D$23 -> 0.34070975
C22: Hereditas | D22: =SUMIF($A$5:$A$14,C22,$D$5:$D$14) -> 20757.92 | E22: =D22/$D$23 -> 0.3175152
D23: =SUM($D$16:D22) -> 65376.145
C27: RF | D27: =SUMIF($A$5:$A$14,C27,$D$5:$D$14) -> 0 | E27: =D27/$D$35 -> 0
C28: PP | D28: =SUMIF($A$5:$A$14,C28,$D$5:$D$14) -> 0 | E28: =D28/$D$35 -> 0
C29: PIAS | D29: =SUMIF($A$5:$A$14,C29,$D$5:$D$14) -> 0 | E29: =D29/$D$35 -> 0
C30: Crypto | D30: =SUMIF($A$5:$A$14,C30,$D$5:$D$14) -> 0 | E30: =D30/$D$35 -> 0
C31: CASH | D31: =SUMIF($A$5:$A$14,C31,$D$5:$D$14) -> 22343.935 | E31: =D31/$D$35 -> 0.34177505
C32: Inmueble | D32: =SUMIF($A$5:$A$14,C32,$D$5:$D$14) -> 22274.29 | E32: =D32/$D$35 -> 0.34070975
C33: Casa | D33: =SUMIF($A$5:$A$14,C33,$D$5:$D$14) -> 0 | E33: =D33/$D$35 -> 0
C34: Hereditas | D34: =SUMIF($A$5:$A$14,C34,$D$5:$D$14) -> 20757.92 | E34: =D34/$D$35 -> 0.3175152
D35: =SUM(D27:D34) -> 65376.145
D38: 12
D39: 12

Sheet 2026-02-11
D2: Date | E2: 45663
A4: Tipo Activo | B4: Activo | C4: Cantidad | D4: NAV | E4: Broker
A5: PP | B5: Plan Pensiones
A6: PIAS | B6: SIALP | D6: 0
A7: PIAS | B7: PIAS | D7: 0 | E7: BKT
A8: RF | B8: Fondos | D8: 0 | E8: BKT
A9: CASH | B9: Comun | D9: =+10808.69/2 -> 5404.345 | E9: RuralVia
A10: CASH | B10: Comun | D10: 1198.87 | E10: BKT
A11: CASH | B11: Patri | D11: 1675.94 | E11: BKT | F11: =D11-'2025-05-05'!D11 -> 204.78
A12: CASH | B12: CASH | D12: 15292.55 | E12: SAB | F12: =D12-'2025-05-05'!D12 -> 7033.56
A13: Inmueble | B13: AQ | D13: =(110000-65206.36)*0.5 -> 22396.82
A14: Hereditas | D14: =(75000+50333.12-6383.66-39129-35182.94)/2 -> 22318.76
C16: RF | D16: =SUMIF($A$5:$A$14,C16,$D$5:$D$14) -> 0 | E16: =D16/$D$23 -> 0
C17: PP | D17: =SUMIF($A$5:$A$14,C17,$D$5:$D$14) -> 0 | E17: =D17/$D$23 -> 0
C18: PIAS | D18: =SUMIF($A$5:$A$14,C18,$D$5:$D$14) -> 0 | E18: =D18/$D$23 -> 0
C19: Crypto | D19: =SUMIF($A$5:$A$14,C19,$D$5:$D$14) -> 0 | E19: =D19/$D$23 -> 0
C20: CASH | D20: =SUMIF($A$5:$A$14,C20,$D$5:$D$14) -> 23571.705 | E20: =D20/$D$23 -> 0.34518439
C21: Inmueble | D21: =SUMIF($A$5:$A$14,C21,$D$5:$D$14) -> 22396.82 | E21: =D21/$D$23 -> 0.32797936
C22: Hereditas | D22: =SUMIF($A$5:$A$14,C22,$D$5:$D$14) -> 22318.76 | E22: =D22/$D$23 -> 0.32683625
D23: =SUM($D$16:D22) -> 68287.285
C27: RF | D27: =SUMIF($A$5:$A$14,C27,$D$5:$D$14) -> 0 | E27: =D27/$D$35 -> 0
C28: PP | D28: =SUMIF($A$5:$A$14,C28,$D$5:$D$14) -> 0 | E28: =D28/$D$35 -> 0
C29: PIAS | D29: =SUMIF($A$5:$A$14,C29,$D$5:$D$14) -> 0 | E29: =D29/$D$35 -> 0
C30: Crypto | D30: =SUMIF($A$5:$A$14,C30,$D$5:$D$14) -> 0 | E30: =D30/$D$35 -> 0
C31: CASH | D31: =SUMIF($A$5:$A$14,C31,$D$5:$D$14) -> 23571.705 | E31: =D31/$D$35 -> 0.34518439
C32: Inmueble | D32: =SUMIF($A$5:$A$14,C32,$D$5:$D$14) -> 22396.82 | E32: =D32/$D$35 -> 0.32797936
C33: Casa | D33: =SUMIF($A$5:$A$14,C33,$D$5:$D$14) -> 0 | E33: =D33/$D$35 -> 0
C34: Hereditas | D34: =SUMIF($A$5:$A$14,C34,$D$5:$D$14) -> 22318.76 | E34: =D34/$D$35 -> 0.32683625
D35: =SUM(D27:D34) -> 68287.285
D38: 12
D39: 12

Sheet 2026-03-12
D2: Date | E2: 45663
A4: Tipo Activo | B4: Activo | C4: Cantidad | D4: NAV | E4: Broker
A5: PP | B5: Plan Pensiones
A6: PIAS | B6: SIALP | D6: 0
A7: PIAS | B7: PIAS | D7: 0 | E7: BKT
A8: RF | B8: Fondos | D8: 0 | E8: BKT
A9: CASH | B9: Comun | D9: =+12023.44/2 -> 6011.72 | E9: RuralVia
A10: CASH | B10: Comun | D10: =810.3/2 -> 405.15 | E10: BKT
A11: CASH | B11: Patri | D11: 1810.18 | E11: BKT | F11: =D11-'2025-05-05'!D11 -> 339.02
A12: CASH | B12: CASH | D12: 15902.91 | E12: SAB | F12: =D12-'2025-05-05'!D12 -> 7643.92
A13: Inmueble | B13: AQ | D13: =(110000-64960.73)*0.5 -> 22519.635
A14: Hereditas | D14: =(75000+50799.04-5858.55-38541.3-34921.05)/2 -> 23239.07
C16: RF | D16: =SUMIF($A$5:$A$14,C16,$D$5:$D$14) -> 0 | E16: =D16/$D$23 -> 0
C17: PP | D17: =SUMIF($A$5:$A$14,C17,$D$5:$D$14) -> 0 | E17: =D17/$D$23 -> 0
C18: PIAS | D18: =SUMIF($A$5:$A$14,C18,$D$5:$D$14) -> 0 | E18: =D18/$D$23 -> 0
C19: Crypto | D19: =SUMIF($A$5:$A$14,C19,$D$5:$D$14) -> 0 | E19: =D19/$D$23 -> 0
C20: CASH | D20: =SUMIF($A$5:$A$14,C20,$D$5:$D$14) -> 24129.96 | E20: =D20/$D$23 -> 0.34526285
C21: Inmueble | D21: =SUMIF($A$5:$A$14,C21,$D$5:$D$14) -> 22519.635 | E21: =D21/$D$23 -> 0.32222156
C22: Hereditas | D22: =SUMIF($A$5:$A$14,C22,$D$5:$D$14) -> 23239.07 | E22: =D22/$D$23 -> 0.33251558
D23: =SUM($D$16:D22) -> 69888.665
C27: RF | D27: =SUMIF($A$5:$A$14,C27,$D$5:$D$14) -> 0 | E27: =D27/$D$35 -> 0
C28: PP | D28: =SUMIF($A$5:$A$14,C28,$D$5:$D$14) -> 0 | E28: =D28/$D$35 -> 0
C29: PIAS | D29: =SUMIF($A$5:$A$14,C29,$D$5:$D$14) -> 0 | E29: =D29/$D$35 -> 0
C30: Crypto | D30: =SUMIF($A$5:$A$14,C30,$D$5:$D$14) -> 0 | E30: =D30/$D$35 -> 0
C31: CASH | D31: =SUMIF($A$5:$A$14,C31,$D$5:$D$14) -> 24129.96 | E31: =D31/$D$35 -> 0.34526285
C32: Inmueble | D32: =SUMIF($A$5:$A$14,C32,$D$5:$D$14) -> 22519.635 | E32: =D32/$D$35 -> 0.32222156
C33: Casa | D33: =SUMIF($A$5:$A$14,C33,$D$5:$D$14) -> 0 | E33: =D33/$D$35 -> 0
C34: Hereditas | D34: =SUMIF($A$5:$A$14,C34,$D$5:$D$14) -> 23239.07 | E34: =D34/$D$35 -> 0.33251558
D35: =SUM(D27:D34) -> 69888.665
D38: 12
D39: 12

Sheet 2026-04-06
D2: Date | E2: 45663
A4: Tipo Activo | B4: Activo | C4: Cantidad | D4: NAV | E4: Broker
A5: PP | B5: Plan Pensiones
A6: PIAS | B6: SIALP | D6: 0
A7: PIAS | B7: PIAS | D7: 0 | E7: BKT
A8: RF | B8: Acciones | D8: 0 | E8: IB
A9: RF | B9: Fondos | D9: 0 | E9: BKT
A10: CASH | B10: Revolut | D10: 3225 | E10: Revolut
A11: CASH | B11: Comun | D11: =+11707.72/2 -> 5853.86 | E11: RuralVia
A12: CASH | B12: Comun | D12: =800.74/2 -> 400.37 | E12: BKT
A13: CASH | B13: Patri | D13: 2465 | E13: BKT | F13: =D13-'2025-05-05'!D11 -> 993.84
A14: CASH | B14: CASH | D14: 6329.61 | E14: SAB | F14: =D14-'2025-05-05'!D12 -> -1929.38
A15: Inmueble | B15: AQ | D15: =(110000-64714.53)*0.5 -> 22642.735
A16: Hereditas | D16: =(75000+50860.35-5330.04-32000-34658.17)/2 -> 26936.07
C18: RF | D18: =SUMIF($A$5:$A$16,C18,$D$5:$D$16) -> 0 | E18: =D18/$D$25 -> 0
C19: PP | D19: =SUMIF($A$5:$A$16,C19,$D$5:$D$16) -> 0 | E19: =D19/$D$25 -> 0
C20: PIAS | D20: =SUMIF($A$5:$A$16,C20,$D$5:$D$16) -> 0 | E20: =D20/$D$25 -> 0
C21: Crypto | D21: =SUMIF($A$5:$A$16,C21,$D$5:$D$16) -> 0 | E21: =D21/$D$25 -> 0
C22: CASH | D22: =SUMIF($A$5:$A$16,C22,$D$5:$D$16) -> 18273.84 | E22: =D22/$D$25 -> 0.26931655
C23: Inmueble | D23: =SUMIF($A$5:$A$16,C23,$D$5:$D$16) -> 22642.735 | E23: =D23/$D$25 -> 0.33370453
C24: Hereditas | D24: =SUMIF($A$5:$A$16,C24,$D$5:$D$16) -> 26936.07 | E24: =D24/$D$25 -> 0.39697892
D25: =SUM($D$18:D24) -> 67852.645
C29: RF | D29: =SUMIF($A$5:$A$16,C29,$D$5:$D$16) -> 0 | E29: =D29/$D$37 -> 0
C30: PP | D30: =SUMIF($A$5:$A$16,C30,$D$5:$D$16) -> 0 | E30: =D30/$D$37 -> 0
C31: PIAS | D31: =SUMIF($A$5:$A$16,C31,$D$5:$D$16) -> 0 | E31: =D31/$D$37 -> 0
C32: Crypto | D32: =SUMIF($A$5:$A$16,C32,$D$5:$D$16) -> 0 | E32: =D32/$D$37 -> 0
C33: CASH | D33: =SUMIF($A$5:$A$16,C33,$D$5:$D$16) -> 18273.84 | E33: =D33/$D$37 -> 0.26931655
C34: Inmueble | D34: =SUMIF($A$5:$A$16,C34,$D$5:$D$16) -> 22642.735 | E34: =D34/$D$37 -> 0.33370453
C35: Casa | D35: =SUMIF($A$5:$A$16,C35,$D$5:$D$16) -> 0 | E35: =D35/$D$37 -> 0
C36: Hereditas | D36: =SUMIF($A$5:$A$16,C36,$D$5:$D$16) -> 26936.07 | E36: =D36/$D$37 -> 0.39697892
D37: =SUM(D29:D36) -> 67852.645
D40: 12
D41: 12

Sheet 2026-05-11
D2: Date | E2: 45663
A4: Tipo Activo | B4: Activo | C4: Cantidad | D4: NAV | E4: Broker
A5: PP | B5: Plan Pensiones
A6: PIAS | B6: SIALP | D6: 0
A7: PIAS | B7: PIAS | D7: 0 | E7: BKT
A8: RF | B8: Acciones | D8: 3221.28 | E8: IB
A9: RF | B9: Fondos | D9: 0 | E9: BKT
A10: CASH | B10: Revolut | D10: 127.48 | E10: Revolut
A11: CASH | B11: Comun | D11: =+12487.19/2 -> 6243.595 | E11: RuralVia
A12: CASH | B12: Comun | D12: =859.49/2 -> 429.745 | E12: BKT
A13: CASH | B13: Patri | D13: 1600.47 | E13: BKT | F13: =D13-'2025-05-05'!D11 -> 129.31
A14: CASH | B14: CASH | D14: 7840.52 | E14: SAB | F14: =D14-'2025-05-05'!D12 -> -418.47
A15: Inmueble | B15: AQ | D15: =(110000-64467.76)*0.5 -> 22766.12
A16: Hereditas | D16: =(75000+50921.66-4789.8-31728.1-34394.31)/2 -> 27504.725
C18: RF | D18: =SUMIF($A$5:$A$16,C18,$D$5:$D$16) -> 3221.28 | E18: =D18/$D$25 -> 0.046193865
C19: PP | D19: =SUMIF($A$5:$A$16,C19,$D$5:$D$16) -> 0 | E19: =D19/$D$25 -> 0
C20: PIAS | D20: =SUMIF($A$5:$A$16,C20,$D$5:$D$16) -> 0 | E20: =D20/$D$25 -> 0
C21: Crypto | D21: =SUMIF($A$5:$A$16,C21,$D$5:$D$16) -> 0 | E21: =D21/$D$25 -> 0
C22: CASH | D22: =SUMIF($A$5:$A$16,C22,$D$5:$D$16) -> 16241.81 | E22: =D22/$D$25 -> 0.23291114
C23: Inmueble | D23: =SUMIF($A$5:$A$16,C23,$D$5:$D$16) -> 22766.12 | E23: =D23/$D$25 -> 0.32647118
C24: Hereditas | D24: =SUMIF($A$5:$A$16,C24,$D$5:$D$16) -> 27504.725 | E24: =D24/$D$25 -> 0.39442382
D25: =SUM($D$18:D24) -> 69733.935
C29: RF | D29: =SUMIF($A$5:$A$16,C29,$D$5:$D$16) -> 3221.28 | E29: =D29/$D$37 -> 0.046193865
C30: PP | D30: =SUMIF($A$5:$A$16,C30,$D$5:$D$16) -> 0 | E30: =D30/$D$37 -> 0
C31: PIAS | D31: =SUMIF($A$5:$A$16,C31,$D$5:$D$16) -> 0 | E31: =D31/$D$37 -> 0
C32: Crypto | D32: =SUMIF($A$5:$A$16,C32,$D$5:$D$16) -> 0 | E32: =D32/$D$37 -> 0
C33: CASH | D33: =SUMIF($A$5:$A$16,C33,$D$5:$D$16) -> 16241.81 | E33: =D33/$D$37 -> 0.23291114
C34: Inmueble | D34: =SUMIF($A$5:$A$16,C34,$D$5:$D$16) -> 22766.12 | E34: =D34/$D$37 -> 0.32647118
C35: Casa | D35: =SUMIF($A$5:$A$16,C35,$D$5:$D$16) -> 0 | E35: =D35/$D$37 -> 0
C36: Hereditas | D36: =SUMIF($A$5:$A$16,C36,$D$5:$D$16) -> 27504.725 | E36: =D36/$D$37 -> 0.39442382
D37: =SUM(D29:D36) -> 69733.935
D40: 12
D41: 12

Sheet 2026-06-07
D2: Date | E2: 45663
A4: Tipo Activo | B4: Activo | C4: Cantidad | D4: NAV | E4: Broker
A5: PP | B5: Plan Pensiones
A6: PIAS | B6: SIALP | D6: 0
A7: PIAS | B7: PIAS | D7: 0 | E7: BKT
A8: RF | B8: Acciones | D8: 3021.25 | E8: IB
A9: RF | B9: Fondos | D9: 0 | E9: BKT
A10: CASH | B10: Revolut | D10: 125.69 | E10: Revolut
A11: CASH | B11: Comun | D11: =+12059.37/2 -> 6029.685 | E11: RuralVia
A12: CASH | B12: Comun | D12: =761/2 -> 380.5 | E12: BKT
A13: CASH | B13: Patri | D13: 1443.73 | E13: BKT | F13: =D13-'2025-05-05'!D11 -> -27.43
A14: CASH | B14: CASH | D14: 8428.45 | E14: SAB | F14: =D14-'2025-05-05'!D12 -> 169.46
A15: Inmueble | B15: AQ | D15: =(110000-64232.91)*0.5 -> 22883.545
A16: Hereditas | D16: =(75000+47352.97-31455.07-34129.46)/2 -> 28384.22
C18: RF | D18: =SUMIF($A$5:$A$16,C18,$D$5:$D$16) -> 3021.25 | E18: =D18/$D$25 -> 0.042735152
C19: PP | D19: =SUMIF($A$5:$A$16,C19,$D$5:$D$16) -> 0 | E19: =D19/$D$25 -> 0
C20: PIAS | D20: =SUMIF($A$5:$A$16,C20,$D$5:$D$16) -> 0 | E20: =D20/$D$25 -> 0
C21: Crypto | D21: =SUMIF($A$5:$A$16,C21,$D$5:$D$16) -> 0 | E21: =D21/$D$25 -> 0
C22: CASH | D22: =SUMIF($A$5:$A$16,C22,$D$5:$D$16) -> 16408.055 | E22: =D22/$D$25 -> 0.2320896
C23: Inmueble | D23: =SUMIF($A$5:$A$16,C23,$D$5:$D$16) -> 22883.545 | E23: =D23/$D$25 -> 0.32368449
C24: Hereditas | D24: =SUMIF($A$5:$A$16,C24,$D$5:$D$16) -> 28384.22 | E24: =D24/$D$25 -> 0.40149075
D25: =SUM($D$18:D24) -> 70697.07
C29: RF | D29: =SUMIF($A$5:$A$16,C29,$D$5:$D$16) -> 3021.25 | E29: =D29/$D$37 -> 0.042735152
C30: PP | D30: =SUMIF($A$5:$A$16,C30,$D$5:$D$16) -> 0 | E30: =D30/$D$37 -> 0
C31: PIAS | D31: =SUMIF($A$5:$A$16,C31,$D$5:$D$16) -> 0 | E31: =D31/$D$37 -> 0
C32: Crypto | D32: =SUMIF($A$5:$A$16,C32,$D$5:$D$16) -> 0 | E32: =D32/$D$37 -> 0
C33: CASH | D33: =SUMIF($A$5:$A$16,C33,$D$5:$D$16) -> 16408.055 | E33: =D33/$D$37 -> 0.2320896
C34: Inmueble | D34: =SUMIF($A$5:$A$16,C34,$D$5:$D$16) -> 22883.545 | E34: =D34/$D$37 -> 0.32368449
C35: Casa | D35: =SUMIF($A$5:$A$16,C35,$D$5:$D$16) -> 0 | E35: =D35/$D$37 -> 0
C36: Hereditas | D36: =SUMIF($A$5:$A$16,C36,$D$5:$D$16) -> 28384.22 | E36: =D36/$D$37 -> 0.40149075
D37: =SUM(D29:D36) -> 70697.07
D40: 12
D41: 12

Sheet 2026-07-05
D2: Date | E2: 45663
A4: Tipo Activo | B4: Activo | C4: Cantidad | D4: NAV | E4: Broker
A5: PP | B5: Plan Pensiones
A6: PIAS | B6: SIALP | D6: 0
A7: PIAS | B7: PIAS | D7: 0 | E7: BKT
A8: RF | B8: Acciones | D8: 3009.51 | E8: IB
A9: RF | B9: Fondos | D9: 0 | E9: BKT
A10: CASH | B10: Revolut | D10: 91.09 | E10: Revolut
A11: CASH | B11: Comun | D11: =+11686.78/2 -> 5843.39 | E11: RuralVia
A12: CASH | B12: Comun | D12: =1022.09/2 -> 511.045 | E12: BKT
A13: CASH | B13: Patri | D13: 4065.45 | E13: BKT | F13: =D13-'2025-05-05'!D11 -> 2594.29
A14: CASH | B14: CASH | D14: 10990.94 | E14: SAB | F14: =D14-'2025-05-05'!D12 -> 2731.95
A15: Inmueble | B15: AQ | D15: =(110000-63997.4)*0.5 -> 23001.3
A16: Hereditas | D16: =(75000+45164.28-31180.9-33863.62)/2 -> 27559.88
C18: RF | D18: =SUMIF($A$5:$A$16,C18,$D$5:$D$16) -> 3009.51 | E18: =D18/$D$25 -> 0.040087992
C19: PP | D19: =SUMIF($A$5:$A$16,C19,$D$5:$D$16) -> 0 | E19: =D19/$D$25 -> 0
C20: PIAS | D20: =SUMIF($A$5:$A$16,C20,$D$5:$D$16) -> 0 | E20: =D20/$D$25 -> 0
C21: Crypto | D21: =SUMIF($A$5:$A$16,C21,$D$5:$D$16) -> 0 | E21: =D21/$D$25 -> 0
C22: CASH | D22: =SUMIF($A$5:$A$16,C22,$D$5:$D$16) -> 21501.915 | E22: =D22/$D$25 -> 0.28641493
C23: Inmueble | D23: =SUMIF($A$5:$A$16,C23,$D$5:$D$16) -> 23001.3 | E23: =D23/$D$25 -> 0.3063874
C24: Hereditas | D24: =SUMIF($A$5:$A$16,C24,$D$5:$D$16) -> 27559.88 | E24: =D24/$D$25 -> 0.36710968
D25: =SUM($D$18:D24) -> 75072.605
C29: RF | D29: =SUMIF($A$5:$A$16,C29,$D$5:$D$16) -> 3009.51 | E29: =D29/$D$37 -> 0.040087992
C30: PP | D30: =SUMIF($A$5:$A$16,C30,$D$5:$D$16) -> 0 | E30: =D30/$D$37 -> 0
C31: PIAS | D31: =SUMIF($A$5:$A$16,C31,$D$5:$D$16) -> 0 | E31: =D31/$D$37 -> 0
C32: Crypto | D32: =SUMIF($A$5:$A$16,C32,$D$5:$D$16) -> 0 | E32: =D32/$D$37 -> 0
C33: CASH | D33: =SUMIF($A$5:$A$16,C33,$D$5:$D$16) -> 21501.915 | E33: =D33/$D$37 -> 0.28641493
C34: Inmueble | D34: =SUMIF($A$5:$A$16,C34,$D$5:$D$16) -> 23001.3 | E34: =D34/$D$37 -> 0.3063874
C35: Casa | D35: =SUMIF($A$5:$A$16,C35,$D$5:$D$16) -> 0 | E35: =D35/$D$37 -> 0
C36: Hereditas | D36: =SUMIF($A$5:$A$16,C36,$D$5:$D$16) -> 27559.88 | E36: =D36/$D$37 -> 0.36710968
D37: =SUM(D29:D36) -> 75072.605
D40: 12
D41: 12
